{
  "bin_edges": {
    "curvature_2s5s10s": [
      -0.7899999999999998,
      -0.31999999999999984,
      -0.14999999999999947,
      -0.07000000000000117,
      -0.020000000000000462,
      0.019999999999999574,
      0.05999999999999961,
      0.11000000000000032,
      0.1800000000000006,
      0.28000000000000025,
      0.3600000000000003,
      0.4800000000000013,
      0.8200000000000003
    ],
    "curvature_2s5s10s_chg1": [
      -0.2900000000000009,
      -0.040000000000000036,
      -0.02999999999999936,
      -0.019999999999999574,
      -0.010000000000000231,
      -0.00999999999999801,
      0.0,
      0.009999999999997122,
      0.009999999999999787,
      0.019999999999999574,
      0.02999999999999936,
      0.040000000000000036,
      0.2100000000000004
    ],
    "curvature_2s5s10s_chg5": [
      -0.33000000000000096,
      -0.08000000000000007,
      -0.05000000000000071,
      -0.030000000000002025,
      -0.020000000000000462,
      -0.010000000000000009,
      0.0,
      0.009999999999999787,
      0.020000000000000462,
      0.030000000000001137,
      0.05000000000000071,
      0.08000000000000007,
      0.3699999999999999
    ],
    "curvature_2s5s10s_std20": [
      0.0074515982035842886,
      0.01814415956482901,
      0.0225890052435489,
      0.026437612759495573,
      0.030826338703986877,
      0.034162922345103555,
      0.0383062451964784,
      0.04344082484433829,
      0.04802411674849787,
      0.05423875095594826,
      0.06416740679322742,
      0.08127277008871729,
      0.21201042675451276
    ],
    "front_slope_2y3m": [
      -0.7799999999999994,
      -0.05999999999999961,
      0.17,
      0.27,
      0.3899999999999999,
      0.4900000000000002,
      0.6,
      0.71,
      0.8099999999999996,
      0.9000000000000004,
      1.0300000000000002,
      1.3099999999999998,
      2.09
    ],
    "level_10y": [
      1.43,
      2.17,
      3.0,
      3.71,
      4.16,
      4.6,
      5.0,
      5.52,
      5.92,
      6.36,
      6.85,
      7.76,
      9.09
    ],
    "level_10y_std20": [
      0.024279079149561254,
      0.053041691646602954,
      0.06142817800252613,
      0.0689698637479986,
      0.07624579367276758,
      0.0838482338271881,
      0.09188092981321264,
      0.09955691310742631,
      0.10908591495797186,
      0.12049896265176141,
      0.13713132392035332,
      0.16380026347913298,
      0.44775786454657224
    ],
    "longspread_30y10y": [
      -0.3700000000000001,
      0.05999999999999961,
      0.1399999999999988,
      0.1899999999999995,
      0.2599999999999998,
      0.3100000000000005,
      0.40000000000000036,
      0.5099999999999998,
      0.6799999999999997,
      0.8,
      0.9100000000000001,
      1.0900000000000003,
      1.6
    ],
    "longspread_30y10y_chg1": [
      -0.1899999999999995,
      -0.029999999999999805,
      -0.019999999999999574,
      -0.010000000000000009,
      -0.009999999999999787,
      -2.220446049250313e-16,
      0.0,
      4.440892098500626e-16,
      0.009999999999999787,
      0.010000000000000231,
      0.019999999999999574,
      0.02999999999999936,
      0.25
    ],
    "longspread_30y10y_chg5": [
      -0.32000000000000073,
      -0.06000000000000005,
      -0.03999999999999915,
      -0.02000000000000135,
      -0.019999999999999574,
      -0.009999999999999787,
      0.0,
      0.009999999999999787,
      0.019999999999999574,
      0.02999999999999936,
      0.040000000000000036,
      0.060000000000000275,
      0.3400000000000003
    ],
    "longspread_30y10y_std20": [
      0.005501196042201749,
      0.012354415362444634,
      0.015355437918998082,
      0.018209309360000696,
      0.021250386993374518,
      0.025021043774769457,
      0.028149039433934167,
      0.03209771265830421,
      0.03677456214630087,
      0.04310025033509456,
      0.050500130276016485,
      0.06295152688252983,
      0.1482920305201488
    ],
    "slope_10y2y": [
      -0.5199999999999996,
      -0.009999999999999787,
      0.15000000000000036,
      0.3200000000000003,
      0.5199999999999996,
      0.830000000000001,
      1.2300000000000004,
      1.4900000000000002,
      1.7400000000000002,
      1.9700000000000002,
      2.21,
      2.48,
      2.91
    ],
    "slope_10y2y_chg1": [
      -0.28,
      -0.04999999999999982,
      -0.03000000000000025,
      -0.020000000000000018,
      -0.010000000000000675,
      -0.009999999999999787,
      0.0,
      0.009999999999999343,
      0.010000000000000231,
      0.020000000000000018,
      0.03000000000000025,
      0.04999999999999982,
      0.3399999999999994
    ],
    "slope_10y2y_chg5": [
      -0.49999999999999956,
      -0.10000000000000009,
      -0.06999999999999984,
      -0.049999999999998934,
      -0.029999999999999805,
      -0.010000000000000675,
      0.0,
      0.010000000000000675,
      0.030000000000000027,
      0.04999999999999982,
      0.07000000000000006,
      0.1100000000000001,
      0.5700000000000003
    ],
    "slope_10y2y_std20": [
      0.012139539574030243,
      0.023708759207606487,
      0.030017538732966455,
      0.03516876604702415,
      0.039931959645129966,
      0.04406633755220871,
      0.04883915599097782,
      0.05500239229250922,
      0.06251526129461044,
      0.07169012179466144,
      0.0884902611351851,
      0.11447247428277046,
      0.31287125315796677
    ],
    "y_10y": [
      1.43,
      2.17,
      3.0,
      3.71,
      4.16,
      4.6,
      5.0,
      5.52,
      5.92,
      6.36,
      6.85,
      7.76,
      9.09
    ],
    "y_10y_chg1": [
      -0.5100000000000002,
      -0.08000000000000007,
      -0.050000000000000266,
      -0.040000000000000036,
      -0.020000000000000462,
      -0.010000000000000231,
      0.0,
      0.009999999999999787,
      0.020000000000000018,
      0.03000000000000025,
      0.04999999999999982,
      0.08000000000000007,
      0.39000000000000057
    ],
    "y_10y_chg5": [
      -0.7399999999999998,
      -0.17999999999999972,
      -0.1299999999999999,
      -0.08999999999999986,
      -0.0600000000000005,
      -0.040000000000000036,
      -0.009999999999999787,
      0.020000000000000018,
      0.04999999999999982,
      0.08000000000000007,
      0.1200000000000001,
      0.17999999999999972,
      0.6000000000000001
    ],
    "y_10y_mean20": [
      1.5125,
      2.1595,
      3.0215,
      3.7080000000000006,
      4.144,
      4.5954999999999995,
      5.01,
      5.5445,
      5.9315,
      6.329,
      6.836,
      7.7615,
      8.919500000000001
    ],
    "y_10y_std20": [
      0.024279079149561254,
      0.053041691646602954,
      0.06142817800252613,
      0.0689698637479986,
      0.07624579367276758,
      0.0838482338271881,
      0.09188092981321264,
      0.09955691310742631,
      0.10908591495797186,
      0.12049896265176141,
      0.13713132392035332,
      0.16380026347913298,
      0.44775786454657224
    ],
    "y_2y": [
      0.16,
      0.38,
      0.78,
      1.38,
      2.5,
      3.76,
      4.25,
      4.79,
      5.32,
      5.74,
      6.11,
      6.81,
      9.05
    ],
    "y_2y_chg1": [
      -0.5399999999999996,
      -0.07000000000000028,
      -0.04999999999999982,
      -0.030000000000000027,
      -0.01999999999999999,
      -0.009999999999999787,
      0.0,
      0.009999999999999787,
      0.019999999999999962,
      0.029999999999999805,
      0.040000000000000036,
      0.07000000000000028,
      0.3800000000000001
    ],
    "y_2y_chg5": [
      -0.9199999999999999,
      -0.16999999999999993,
      -0.11000000000000032,
      -0.07999999999999918,
      -0.04999999999999982,
      -0.020000000000000462,
      0.0,
      0.019999999999999574,
      0.039999999999999813,
      0.0600000000000005,
      0.09999999999999998,
      0.16000000000000014,
      0.6699999999999999
    ],